[{"id":"557197228880@s.whatsapp.net","xp":140062,"level":100002},{"id":"558587524845@s.whatsapp.net","xp":4031,"level":1},{"id":"","xp":597701,"level":7},{"id":"558291186009@s.whatsapp.net","xp":57526,"level":4},{"id":"558288076701@s.whatsapp.net","xp":85780,"level":5},{"id":"558298026149@s.whatsapp.net","xp":88852,"level":5},{"id":"558299843760@s.whatsapp.net","xp":169479,"level":6},{"id":"558288940387@s.whatsapp.net","xp":19171,"level":3},{"id":"558291528737@s.whatsapp.net","xp":83750,"level":5},{"id":"5517982038503@s.whatsapp.net","xp":74620,"level":4},{"id":"556892245413@s.whatsapp.net","xp":21672,"level":3},{"id":"5511971782951@s.whatsapp.net","xp":13138,"level":2},{"id":"5521977176626@s.whatsapp.net","xp":11084,"level":2},{"id":"556292682366@s.whatsapp.net","xp":10091,"level":2},{"id":"5512978508948@s.whatsapp.net","xp":506,"level":1},{"id":"5511976658023@s.whatsapp.net","xp":14145,"level":2},{"id":"5521959520567@s.whatsapp.net","xp":43372,"level":4},{"id":"553196258062@s.whatsapp.net","xp":2516,"level":1},{"id":"554184303532@s.whatsapp.net","xp":39845,"level":4},{"id":"5511947265053@s.whatsapp.net","xp":5053,"level":2},{"id":"555181157915@s.whatsapp.net","xp":7562,"level":2},{"id":"5514981383176@s.whatsapp.net","xp":30754,"level":3},{"id":"553191617514@s.whatsapp.net","xp":509,"level":1},{"id":"553199436493@s.whatsapp.net","xp":9572,"level":2},{"id":"553597264028@s.whatsapp.net","xp":3035,"level":1},{"id":"556191404099@s.whatsapp.net","xp":3020,"level":1},{"id":"558196178217@s.whatsapp.net","xp":1518,"level":1},{"id":"558896505137@s.whatsapp.net","xp":502,"level":1},{"id":"5519987128375@s.whatsapp.net","xp":1525,"level":1},{"id":"5521981251461@s.whatsapp.net","xp":1009,"level":1},{"id":"554788051331@s.whatsapp.net","xp":1006,"level":1},{"id":"554888482583@s.whatsapp.net","xp":508,"level":1},{"id":"5521996619016@s.whatsapp.net","xp":3538,"level":1},{"id":"558287450770@s.whatsapp.net","xp":30751,"level":3},{"id":"558298255364@s.whatsapp.net","xp":11087,"level":2},{"id":"555185661464@s.whatsapp.net","xp":3528,"level":1},{"id":"558288982859@s.whatsapp.net","xp":51962,"level":4},{"id":"558288795203@s.whatsapp.net","xp":52437,"level":4},{"id":"558296954823@s.whatsapp.net","xp":1508,"level":1},{"id":"558288071440@s.whatsapp.net","xp":8568,"level":2},{"id":"558287740652@s.whatsapp.net","xp":502,"level":1},{"id":"558291292693@s.whatsapp.net","xp":4542,"level":1},{"id":"5521969226661@s.whatsapp.net","xp":4558,"level":1},{"id":"5513996907397@s.whatsapp.net","xp":1511,"level":1},{"id":"553384547006@s.whatsapp.net","xp":26777,"level":3},{"id":"559191959031@s.whatsapp.net","xp":501,"level":1},{"id":"5524992755713@s.whatsapp.net","xp":1513,"level":1},{"id":"558185690903@s.whatsapp.net","xp":9601,"level":2},{"id":"553488880504@s.whatsapp.net","xp":3028,"level":1},{"id":"557399111370@s.whatsapp.net","xp":504,"level":1},{"id":"556599071373@s.whatsapp.net","xp":1012,"level":1},{"id":"553592725936@s.whatsapp.net","xp":1516,"level":1},{"id":"5521983369688@s.whatsapp.net","xp":1009,"level":1},{"id":"5511984344394@s.whatsapp.net","xp":502,"level":1},{"id":"557196234289@s.whatsapp.net","xp":2020,"level":1},{"id":"556198308670@s.whatsapp.net","xp":1008,"level":1},{"id":"553398195857@s.whatsapp.net","xp":510,"level":1},{"id":"5522997040406@s.whatsapp.net","xp":502,"level":1},{"id":"557183616408@s.whatsapp.net","xp":2021,"level":1},{"id":"559892236245@s.whatsapp.net","xp":2515,"level":1},{"id":"555195939313@s.whatsapp.net","xp":502335,"level":5002},{"id":"553398560910@s.whatsapp.net","xp":208822,"level":6},{"id":"555184732688@s.whatsapp.net","xp":136701,"level":5},{"id":"557981208369@s.whatsapp.net","xp":413719,"level":7},{"id":"5527997962808@s.whatsapp.net","xp":2529,"level":1},{"id":"559892239916@s.whatsapp.net","xp":74135,"level":4},{"id":"5521998728174@s.whatsapp.net","xp":39338,"level":4},{"id":"5519994546627@s.whatsapp.net","xp":27217,"level":3},{"id":"5519992850519@s.whatsapp.net","xp":109002,"level":5},{"id":"48699558242@s.whatsapp.net","xp":154430,"level":5},{"id":"559181996066@s.whatsapp.net","xp":19137,"level":3},{"id":"5524981756243@s.whatsapp.net","xp":2521,"level":1},{"id":"558499155980@s.whatsapp.net","xp":21213,"level":3},{"id":"244954468963@s.whatsapp.net","xp":4032,"level":1},{"id":"553197909114@s.whatsapp.net","xp":67171,"level":4},{"id":"553197399334@s.whatsapp.net","xp":42359,"level":4},{"id":"554791991613@s.whatsapp.net","xp":37308,"level":4},{"id":"558695414399@s.whatsapp.net","xp":503,"level":1},{"id":"559591475618@s.whatsapp.net","xp":11083,"level":2},{"id":"19292795199@s.whatsapp.net","xp":10050,"level":2},{"id":"5519992082144@s.whatsapp.net","xp":1009,"level":1},{"id":"553398508829@s.whatsapp.net","xp":141165,"level":5},{"id":"556181435114@s.whatsapp.net","xp":27754,"level":3},{"id":"5516981737044@s.whatsapp.net","xp":505,"level":1},{"id":"553598366426@s.whatsapp.net","xp":75694,"level":5},{"id":"5519997492493@s.whatsapp.net","xp":1010,"level":1},{"id":"5511991100290@s.whatsapp.net","xp":2025,"level":1},{"id":"5519974066954@s.whatsapp.net","xp":4546,"level":1},{"id":"556781885064@s.whatsapp.net","xp":6574,"level":2},{"id":"558796069912@s.whatsapp.net","xp":9570,"level":2},{"id":"5511960950577@s.whatsapp.net","xp":2019,"level":1},{"id":"554298290163@s.whatsapp.net","xp":69573,"level":4},{"id":"5517997479097@s.whatsapp.net","xp":505,"level":1},{"id":"5524981160445@s.whatsapp.net","xp":1016,"level":1},{"id":"5513981678783@s.whatsapp.net","xp":4547,"level":1},{"id":"558481897119@s.whatsapp.net","xp":2023,"level":1},{"id":"558974002955@s.whatsapp.net","xp":3539,"level":1},{"id":"558881285010@s.whatsapp.net","xp":3035,"level":1},{"id":"556393043985@s.whatsapp.net","xp":510,"level":1},{"id":"555592093995@s.whatsapp.net","xp":504,"level":1},{"id":"556899828055@s.whatsapp.net","xp":1014,"level":1},{"id":"5519981693318@s.whatsapp.net","xp":1519,"level":1},{"id":"5511982056497@s.whatsapp.net","xp":1018,"level":1},{"id":"5527996154522@s.whatsapp.net","xp":510,"level":1},{"id":"559392297939@s.whatsapp.net","xp":5551,"level":2},{"id":"554185232976@s.whatsapp.net","xp":510,"level":1},{"id":"553491038172@s.whatsapp.net","xp":506,"level":1},{"id":"557382137762@s.whatsapp.net","xp":1007,"level":1},{"id":"553183804974@s.whatsapp.net","xp":8572,"level":2},{"id":"555191539678@s.whatsapp.net","xp":505,"level":1},{"id":"5511999477029@s.whatsapp.net","xp":504,"level":1},{"id":"558396513583@s.whatsapp.net","xp":1008,"level":1},{"id":"556196446253@s.whatsapp.net","xp":7067,"level":2},{"id":"559491059019@s.whatsapp.net","xp":1508,"level":1},{"id":"554197107576@s.whatsapp.net","xp":504,"level":1},{"id":"554391774399@s.whatsapp.net","xp":1005,"level":1},{"id":"553897553872@s.whatsapp.net","xp":510,"level":1},{"id":"5511986384258@s.whatsapp.net","xp":2012,"level":1},{"id":"5512988263604@s.whatsapp.net","xp":2023,"level":1},{"id":"558281557469@s.whatsapp.net","xp":12121,"level":2},{"id":"5511958039667@s.whatsapp.net","xp":5053,"level":2},{"id":"559292992679@s.whatsapp.net","xp":8091,"level":2},{"id":"5521974836373@s.whatsapp.net","xp":13623,"level":2},{"id":"554391815651@s.whatsapp.net","xp":16624,"level":3},{"id":"5522981524394@s.whatsapp.net","xp":505,"level":1},{"id":"5521936184063@s.whatsapp.net","xp":16659,"level":3},{"id":"5514991074731@s.whatsapp.net","xp":5565,"level":2},{"id":"5521972837456@s.whatsapp.net","xp":1015,"level":1},{"id":"558193813503@s.whatsapp.net","xp":10083,"level":2},{"id":"5514933002310@s.whatsapp.net","xp":508,"level":1},{"id":"557398015218@s.whatsapp.net","xp":24222,"level":3},{"id":"553391093735@s.whatsapp.net","xp":10095,"level":2},{"id":"558288776051@s.whatsapp.net","xp":501,"level":1},{"id":"553391125711@s.whatsapp.net","xp":5551,"level":2},{"id":"5528999499894@s.whatsapp.net","xp":509,"level":1},{"id":"555195596540@s.whatsapp.net","xp":56922,"level":4},{"id":"5518996324378@s.whatsapp.net","xp":6581,"level":2},{"id":"5521969234038@s.whatsapp.net","xp":7575,"level":2},{"id":"557191722030@s.whatsapp.net","xp":1014,"level":1},{"id":"5513997120243@s.whatsapp.net","xp":1510,"level":1},{"id":"557781415141@s.whatsapp.net","xp":4033,"level":1},{"id":"558896724995@s.whatsapp.net","xp":5535,"level":2},{"id":"553285088063@s.whatsapp.net","xp":2528,"level":1},{"id":"553384244066@s.whatsapp.net","xp":12081,"level":2},{"id":"553298374722@s.whatsapp.net","xp":1006,"level":1},{"id":"559891141476@s.whatsapp.net","xp":5549,"level":2},{"id":"18572983500@s.whatsapp.net","xp":510,"level":1},{"id":"558694344873@s.whatsapp.net","xp":505,"level":1},{"id":"5521969638605@s.whatsapp.net","xp":1011,"level":1}]